Gene	GeneID	ALT	ALT2	Name	Location
VGSC	AGAP004707	A		R254K	2L:2390177-2390177
VGSC	AGAP004707	C	T	V402L	2L:2391228-2391228
VGSC	AGAP004707	C		D466H	2L:2399997-2399997
VGSC	AGAP004707	T		T791M	2L:2416980-2416980
VGSC	AGAP004707	C		L995S	2L:2422651-2422651
VGSC	AGAP004707	T		L995F	2L:2422652-2422652
VGSC	AGAP004707	C		I1527T	2L:2429617-2429617
VGSC	AGAP004707	T		N1570Y	2L:2429745-2429745
VGSC	AGAP004707	T		A1746S	2L:2430424-2430424
VGSC	AGAP004707	A		V1853I	2L:2430817-2430817
VGSC	AGAP004707	C		I1868T	2L:2430863-2430863
VGSC	AGAP004707	T		P1874S	2L:2430880-2430880
VGSC	AGAP004707	T		P1874L	2L:2430881-2430881
VGSC	AGAP004707	C		F1920S	2L:2431019-2431019
VGSC	AGAP004707	C		I1940T	2L:2431079-2431079
Rdl	AGAP006028	G		A296G	2L:25429236-25429236
Rdl	AGAP006028	T		A296S	2L:25429235-25429235
CYP4J5	AGAP006048	A		L43F	2L:25635973-25635973
ACE1	AGAP001356	A		G280S	2R:3492074-3492074
CYP6P4	AGAP002867	C		I236M	2R:28497967-28497967
GSTe2	AGAP009194	G		I114T	3R:28598166-28598166
GSTe2	AGAP009194	C		L119V	3R:28598062-28598062